pdb code        ,chain           ,residue number  ,COL-NL-CA       ,NL-CA-CO        ,NL-CA-CB        ,CO-CA-CB        ,CA-CO-NR        ,CA-CB-CG        ,CB-CG-CD        ,CG-CD-OE1       ,CG-CD-OE2       
                ,                ,                ,                ,                ,                ,                ,                ,                ,                ,                ,                
1A7F.pdb        ,A               ,4               ,120.44761717526 ,110.048730963291,109.273592607935,109.422312931744,117.981653790716,109.447714928186,109.452963961183,117.96472369238 ,118.005115143021
1A7F.pdb        ,A               ,17              ,120.440414796818,110.287996521885,109.323634558373,109.285531803823,118.064357534945,109.635872275188,109.486220867938,118.03253134282 ,118.005202614545
1A7F.pdb        ,B               ,13              ,120.409935621861,109.509918294659,109.416256886981,109.475266507355,117.251083880891,109.486070858058,109.491170922327,117.988580194423,118.038686508816
1A7F.pdb        ,B               ,16              ,120.303176812112,108.8348007063  ,109.460301381803,109.532440856969,117.056202948588,109.57919110335 ,109.501345429358,118.050667796912,117.942677357032
1A7F.pdb        ,B               ,21              ,120.085757956259,109.488914857982,109.571488255354,109.276731901033,117.250683697894,109.598441140384,109.517039498381,117.918877501294,118.025977519647
1BEN.pdb        ,A               ,4               ,119.988846145465,111.165515562582,107.749726516859,114.090889260268,119.849941473007,111.300051803103,121.038225041159,121.22396875501 ,117.726933122482
1BEN.pdb        ,A               ,17              ,126.805721664437,112.598079706977,112.876575411445,109.772455342019,117.523563408688,111.753982222625,117.813142697673,122.35326536067 ,114.656511416305
1BEN.pdb        ,B               ,13              ,120.022408367677,111.764020936183,111.048710285652,111.520010960016,118.067422969448,108.594563521612,114.668442551625,120.547332364749,116.341407642637
1BEN.pdb        ,B               ,21              ,121.794806102229,114.312507681908,108.557457782012,112.541157672016,116.885964396143,109.262329663129,114.990333356271,116.520810971397,119.270455397129
1BEN.pdb        ,C               ,4               ,121.370198020681,113.892833913714,108.331660432936,107.325715186292,116.366914678757,112.403676564019,117.623317067267,121.061608572279,116.885706099585
1BEN.pdb        ,C               ,17              ,122.753854103049,112.962185315101,110.571761831463,107.133234043949,116.777029103336,114.345344027679,108.915038911643,115.490089143306,117.92292204679 
1BEN.pdb        ,D               ,13              ,120.753554013808,110.078852644946,110.052270054775,108.526083420073,118.472115463481,110.554416389765,120.609654925288,120.130122452839,118.434328947161
1BEN.pdb        ,D               ,21              ,119.688162899015,117.337060737628,104.86844303357 ,113.147171228711,120.275726943937,113.926058162644,120.993595624931,121.851347700329,117.893837728268
1B2F.pdb        ,A               ,4               ,121.588664640557,111.785389545684,111.122860950851,109.175407853512,116.899177304686,114.839874462187,113.749732869987,119.312110594253,117.874315874568
1B2F.pdb        ,A               ,17              ,121.756280032735,113.662834937466,111.654286783403,110.60797830992 ,116.973510022596,113.046737911432,113.005203440079,118.975832241068,118.22621213858 
1B2F.pdb        ,B               ,13              ,121.641642805741,111.94385714757 ,111.309838992271,111.236327839248,116.395518049941,112.669129574578,113.328594845762,119.07351985255 ,117.922938573199
1B2F.pdb        ,B               ,21              ,122.594254136666,115.704894524368,110.4377674869  ,110.931608044048,116.615404640086,113.862583933329,113.629287794859,119.287026348552,118.51449398893 
1SDB.pdb        ,A               ,4               ,122.736136273201,111.136947546672,114.390717946906,111.1006127435  ,118.067031085449,116.529315469639,115.314190531075,128.866942003223,114.21099606522 
1SDB.pdb        ,A               ,17              ,119.395344770928,111.409469902157,110.295516149925,108.137792436154,118.779194658786,114.075880367634,113.463740236167,121.070394351274,109.759576521167
1SDB.pdb        ,B               ,13              ,116.408307663286,111.118913063808,113.261283982494,109.704712262587,117.554807728939,116.58665204582 ,123.103382297215,116.099342360843,126.799438435869
1SDB.pdb        ,B               ,21              ,122.945710420725,114.282950034934,108.937149814573,108.83140964227 ,121.508837628358,113.156820682995,112.951830049822,120.008231145638,119.960218548445
1B2G.pdb        ,A               ,4               ,121.99569813417 ,110.98706699182 ,110.511038820975,109.737640544567,116.965000596374,115.336388343948,114.598072148846,119.870209789691,117.991347061114
1B2G.pdb        ,A               ,17              ,120.891752039536,114.836699895052,111.205795958564,111.458648769116,117.034604746551,111.570221508385,112.980871514038,119.137303807806,117.363774271805
1B2G.pdb        ,B               ,13              ,122.259603930458,110.54510414264 ,109.144058293549,110.554331704101,116.368908084221,115.616754244435,111.846544233052,117.863238419662,119.015507933834
1B2G.pdb        ,B               ,21              ,122.565329817162,113.619583259626,110.776062772344,110.154601149077,116.381926185318,114.157869895427,113.949836783353,119.543674382346,118.203323178504
1T1K.pdb        ,A               ,4               ,119.762416634949,110.39064518017 ,109.485317874462,109.234692979458,117.938646810159,109.351199379245,109.741324696002,117.988438828803,117.976383120124
1T1K.pdb        ,A               ,17              ,120.27915932904 ,110.505515251259,109.35704766746 ,109.319756228936,118.089520641402,109.559584757017,109.614703022625,118.05088572914 ,117.928372751695
1T1K.pdb        ,B               ,13              ,119.846827950137,109.210292499529,109.520853695234,109.597766539597,117.529787020794,109.421846703308,109.553036968929,118.008221340206,118.018697632892
1T1K.pdb        ,B               ,21              ,119.903622378846,109.144581858002,110.973310275424,109.320653466442,117.523867458877,110.753184362909,109.544517809192,117.983098356529,118.019719540325
1B9E.pdb        ,A               ,4               ,121.833069588564,111.176183023987,111.060692414844,107.919507830587,116.728261374668,116.803084702485,115.815650155167,121.407056272482,116.966691285384
1B9E.pdb        ,A               ,17              ,122.592879984917,113.136681352844,111.959515063818,107.754401709573,115.515226771717,114.473443777851,112.15641971191 ,118.779171698541,118.328995013531
1B9E.pdb        ,B               ,9               ,123.427866741482,113.629773605685,109.427539031415,109.765290607653,115.763239058897,114.101779630268,112.607782612179,118.42718384662 ,118.509444083986
1B9E.pdb        ,B               ,13              ,121.301183120321,108.536303177937,111.613675591117,109.781309575468,116.083230516455,113.136954788469,113.367522333438,118.56352785394 ,118.191122615622
1B9E.pdb        ,B               ,21              ,123.303272826323,114.624311892777,109.185049294872,111.020038411588,117.114429244129,114.198181109   ,113.396357382598,118.735196526324,118.04053516988 
1B9E.pdb        ,C               ,4               ,118.87587133892 ,113.086866587158,112.109249167631,113.679810213428,118.83878013595 ,116.726266542551,111.824928445444,116.659484435699,118.169856379519
1B9E.pdb        ,C               ,17              ,123.364228127096,110.833142571878,109.385941338959,109.5833273098  ,117.061593677847,113.626239756651,113.378591277375,119.727164827863,117.666742670706
1B9E.pdb        ,D               ,9               ,122.775802752908,111.55848028413 ,109.689323703755,108.568914132165,116.435865049368,114.788855215048,111.368633928794,117.064766382935,118.908650922894
1B9E.pdb        ,D               ,13              ,121.084552111305,107.638639684914,111.497018620441,109.734704535537,116.981230077863,114.293092813909,113.29193081708 ,119.94588859535 ,118.003086467894
1B9E.pdb        ,D               ,21              ,124.135346347243,115.266181339289,110.572938524995,108.5062174909  ,117.272570482095,114.401341406534,113.91333701956 ,118.292177106344,119.33715413054 
1TRZ.pdb        ,A               ,4               ,119.253898062255,108.971214421281,109.280049953993,114.497458117715,119.591427170143,115.000505839768,130.326547451309,127.3027723248  ,114.361729939574
1TRZ.pdb        ,A               ,17              ,126.164689929992,108.607507490241,112.930851114752,109.458810975288,120.223874975723,108.384003980761,109.991317342568,119.153311219658,107.992700155524
1TRZ.pdb        ,B               ,13              ,123.10932524717 ,108.581286280137,111.89459874997 ,109.643115606361,121.554048312279,119.988639548022,119.367955273414,126.708494019783,107.96963147444 
1TRZ.pdb        ,B               ,21              ,121.866650819357,112.293760735399,113.608469365573,113.265875215187,117.170535034982,119.35718223407 ,114.346057148953,125.29162283802 ,112.671172106445
1TRZ.pdb        ,C               ,4               ,121.394597189599,111.787467680301,113.733561542663,106.501018359025,113.613408020543,119.172658956619,118.587192358392,126.893109276085,114.030961028742
1TRZ.pdb        ,C               ,17              ,119.084352092688,112.770314624909,111.2329328879  ,100.686788462635,119.761249792336,110.044605198647,108.235997402603,121.667729787311,111.70225872128 
1TRZ.pdb        ,D               ,13              ,118.593376595976,110.581301712482,112.267650032021,103.50370430741 ,119.473884041568,114.997231485786,120.786846444659,124.523518830613,110.070349210419
1TRZ.pdb        ,D               ,21              ,125.704092002947,121.015287921864,105.689342999567,103.094523127145,113.78741369348 ,106.652185660365,106.652185660365,106.652185660365,106.652185660365
1B17.pdb        ,A               ,4               ,121.879521082325,111.004528805551,110.215055030388,109.909662614025,116.524738555087,114.911109710689,114.054699163199,119.298455932919,118.142224890917
1B17.pdb        ,A               ,17              ,120.998050590501,113.871732864893,111.454103972352,111.157725319944,116.823758834924,112.351358321928,113.09174848183 ,118.730869383071,118.242762326196
1B17.pdb        ,B               ,13              ,120.672119455985,112.04379584745 ,110.827221836035,110.618163143625,116.648127442104,112.675998954934,113.089308365555,119.210954121659,117.350400150397
1B17.pdb        ,B               ,21              ,122.200452187676,115.406039007307,110.514472124559,110.52546153859 ,116.755095245577,114.052905031865,113.621034713245,119.687418264251,117.996781503081
1BZV.pdb        ,A               ,4               ,125.75604811551 ,118.524593696337,106.46053248159 ,111.510623421862,119.504197926387,114.275328257325,113.191081489633,118.329024887686,116.31483006579 
1BZV.pdb        ,A               ,17              ,124.951610194255,113.180762992116,109.264907192729,111.514164303711,115.265386599447,110.469349196767,112.801005802042,117.192488643076,116.664209722233
1BZV.pdb        ,B               ,13              ,123.161734234179,109.92179151899 ,113.274344700487,108.547131521275,116.117356155714,116.615122299997,115.139687350293,117.09225674057 ,117.110128376997
1BZV.pdb        ,B               ,21              ,122.710707438966,117.864546721054,108.63792717689 ,109.341470922371,117.059498088056,111.26830253362 ,112.365098832335,117.584595235244,116.642566743067
1B18.pdb        ,A               ,4               ,122.176653918294,111.798629623195,110.390723271188,109.461815492505,116.764085022378,115.057577467274,113.992481839826,119.174862711774,118.273660460896
1B18.pdb        ,A               ,17              ,121.376082491295,114.130271092714,111.494978413288,110.885155418349,116.561421433333,112.39289730331 ,113.220235964749,119.062237528465,118.142797005844
1B18.pdb        ,B               ,13              ,120.998255399996,111.790834337707,111.102904477683,110.189956042081,116.794318508537,112.817233823521,112.774989099639,119.546566113888,117.199533015646
1B18.pdb        ,B               ,21              ,122.310760201478,115.016460695014,110.495818614524,110.471847199177,116.641456802936,113.898010273118,113.467043249654,119.177917268315,118.118290039441
1DEI.pdb        ,A               ,4               ,120.208895430673,111.296844307436,110.172452673892,109.125719617859,116.50640013681 ,110.858162006341,114.353659391765,119.961259446106,117.905324412412
1DEI.pdb        ,A               ,17              ,123.152539439194,112.730831113326,112.071561023538,105.962159171777,117.063136380852,110.964090866304,115.545160121115,120.447486494748,118.166800629537
1DEI.pdb        ,B               ,13              ,121.978938287249,111.632751687966,110.490686176417,108.030654682652,118.195318857807,110.086029145464,115.955092964148,120.911980554425,116.798328870121
1DEI.pdb        ,B               ,21              ,120.036527602956,109.573008050663,109.077814754448,110.935116307459,113.161049531581,108.737602023826,115.819424686656,120.037644968823,118.422841587841
1DEI.pdb        ,C               ,4               ,120.487584740613,111.060552909161,110.462402656193,108.918836270667,116.09908807265 ,114.367359213337,117.752516713528,118.62004805358 ,121.590135034364
1DEI.pdb        ,C               ,17              ,124.314082377289,114.544497697811,109.931073542713,107.621229954591,115.807935526122,114.811371288208,115.555719562303,118.325458232008,120.335118504707
1DEI.pdb        ,D               ,13              ,124.510401935933,110.215736381741,109.455584068869,109.641106083516,117.032294521376,112.542307799656,117.496826122001,120.981410464934,116.790185591422
1DEI.pdb        ,D               ,21              ,128.340699530063,110.731940136514,111.93753155629 ,108.962558837666,115.314443730032,114.775198875985,112.479073286009,118.655561270493,118.210660581336
1B19.pdb        ,A               ,4               ,122.128298049189,111.723843709012,110.671569917215,109.661298291006,116.789683417228,115.023552726015,114.025530619869,119.249021231595,118.536936604925
1B19.pdb        ,A               ,17              ,121.601263987455,113.932412516443,110.999290882957,111.490037383918,116.849435217387,112.569129597641,113.026939708017,118.84281303094 ,118.206892111106
1B19.pdb        ,B               ,13              ,120.89356313678 ,112.176404630963,111.079318632771,110.140461395753,116.633653825426,112.872568680629,113.040508978586,119.478538081494,117.527882940955
1B19.pdb        ,B               ,21              ,121.607251057849,116.216853507496,110.510252271979,111.190212325341,116.628682258656,112.941934136799,112.914051706993,119.146610552977,118.133615132272
1GUJ.pdb        ,A               ,4               ,117.821739740937,112.776580182546,109.707992598054,111.560873777908,117.245255680376,112.531802168933,113.439702168711,120.029282995767,118.280076163992
1GUJ.pdb        ,A               ,17              ,120.854885614956,111.96592526651 ,111.898691621918,109.598625205943,116.559361891647,111.353778146727,113.027785985736,120.568583892797,116.878820607169
1GUJ.pdb        ,B               ,13              ,121.318527079506,110.364580706251,110.635831067725,108.818748842251,116.582598513932,119.85384236051 ,117.525251458994,118.808818947587,119.819882755097
1GUJ.pdb        ,B               ,21              ,120.345992301301,114.936833039549,110.957212439182,112.5340062632  ,118.026239164173,114.220174405377,117.914812084774,122.068241873236,119.186587940822
1GUJ.pdb        ,C               ,4               ,118.906178111337,110.640054008207,110.996391292445,109.44641803673 ,117.230101239559,111.885488302518,113.417229932349,120.373617334642,118.584712737946
1GUJ.pdb        ,C               ,17              ,124.260173184876,111.092196466582,110.073458715864,109.226013510856,115.821250099898,115.751636625847,113.2437499155  ,119.804225091524,119.203791118086
1GUJ.pdb        ,D               ,13              ,119.075536637977,109.253326448351,112.021036488935,111.08748066185 ,116.289681146993,113.024099557155,115.671200402758,119.77817649702 ,118.836019298281
1GUJ.pdb        ,D               ,21              ,120.702274631415,115.460989929354,109.961241824377,111.110748990834,117.933752413005,112.067917914927,113.783872250428,118.065146787838,120.600582442659
1B2A.pdb        ,A               ,4               ,121.976868509619,111.648736472765,110.70056798882 ,109.732098406657,116.607678169584,114.571520780642,113.743333998191,119.176214015255,118.250491844759
1B2A.pdb        ,A               ,17              ,121.636522741817,114.09557859636 ,111.185482188205,110.904295924686,116.847872779363,112.727179441032,112.875498077137,118.696223417981,118.218555515467
1B2A.pdb        ,B               ,13              ,122.56132829481 ,111.703009100405,110.412643752611,110.250332142823,115.974021986829,112.997002536055,113.68610604905 ,119.428139878855,117.759528351507
1B2A.pdb        ,B               ,21              ,122.363299715941,115.193632703134,110.653565309788,110.049525617039,116.474507069957,113.086450057428,112.831901838434,119.137203871898,118.222778763019
1HLS.pdb        ,A               ,4               ,120.044247121986,109.673002194047,109.314446524639,109.406628160748,117.629897157549,109.641389407037,109.621436613863,118.011198161342,118.013256521656
1HLS.pdb        ,A               ,17              ,119.640910065117,109.065940498643,109.534793914239,109.782907138503,117.435086545486,109.254942248105,109.672737668589,118.048019168179,118.042385301437
1HLS.pdb        ,B               ,13              ,120.230791270964,109.150817108358,109.539259051772,109.534892443416,117.489930583835,109.387679558026,109.473797986017,117.898140399561,117.994909689478
1HLS.pdb        ,B               ,21              ,119.884563495278,109.325583505705,109.568802471476,109.478378741678,117.367797315502,109.430394407694,109.500358411884,117.949400656612,117.995995759961
1B2B.pdb        ,A               ,4               ,122.225860709627,111.475835900443,110.496348726442,110.060410492991,116.768179684337,114.789218622936,114.078658553348,119.29243252772 ,118.418748667541
1B2B.pdb        ,A               ,17              ,121.635899652485,113.638667118181,111.521946138629,110.609417285803,116.900907704981,112.34135959988 ,113.25227148535 ,119.306650465931,117.792469654119
1B2B.pdb        ,B               ,13              ,121.831205303948,112.091106332237,111.287002236433,111.831752437098,116.624013904928,112.196965289405,113.580341079623,119.328791768588,117.616382798913
1B2B.pdb        ,B               ,21              ,122.479583740914,114.84429082245 ,110.62667294407 ,110.653100251061,116.402070110638,113.641632640505,113.09042359697 ,119.126210513591,118.095653109964
1HUI.pdb        ,A               ,4               ,120.159800629012,109.456044643843,109.484097737474,109.504272101555,117.489299693212,109.516111951016,109.602178287702,118.032653133858,118.008534295131
1HUI.pdb        ,A               ,17              ,119.832145765763,109.681083075996,109.519555986998,109.540783861457,117.690870195813,109.475689223997,109.567438900748,117.975703303265,117.992500771917
1HUI.pdb        ,B               ,1               ,117.992500771917,109.538061405124,109.470294013318,109.495869753297,117.489242630294,109.549975010216,109.495545526717,117.98515729119 ,118.025396749969
1HUI.pdb        ,B               ,10              ,120.063874755779,109.409179287401,111.235860390281,108.874349870183,117.5676038389  ,111.459076264499,109.536403891131,117.985102967832,117.994815215257
1HUI.pdb        ,B               ,13              ,119.61911096764 ,109.595278157245,109.553595442671,109.702333886295,117.626532192755,109.440409725095,109.537277536865,118.006593377992,117.987552389584
1HUI.pdb        ,B               ,16              ,119.715256753359,108.441236999222,109.707913297567,109.632134225738,116.968249259587,109.470777245679,109.599000610646,117.956889466081,117.990729423792
1HUI.pdb        ,B               ,21              ,119.915484610798,109.679065669795,109.584407038134,109.340261309605,117.54329998534 ,109.420489675657,109.629850663575,117.987570444449,118.011130840293
1HUI.pdb        ,B               ,27              ,120.029138524183,109.485544554143,109.318486765913,109.401399706697,115.397702420098,109.472290045582,109.53693312213 ,118.061332006365,117.941124877651
1B2C.pdb        ,A               ,4               ,121.823705836713,110.363958825031,110.467478095813,109.885634443003,116.601464495394,114.907841654218,114.228645735397,119.509564322447,118.185548908416
1B2C.pdb        ,A               ,17              ,121.016371746392,113.416403638812,111.399512220428,110.777201670341,116.905804466117,112.726608692221,112.735406135603,118.798147189154,118.247977774152
1B2C.pdb        ,B               ,13              ,121.466919752985,111.846072690296,110.580395645431,110.328164599404,116.473275794564,103.440238537946,116.544892740277,119.371986995519,118.030996975642
1B2C.pdb        ,B               ,21              ,122.504387446558,115.28335143871 ,110.659770725306,110.56295185966 ,116.431807382697,112.977271236044,113.068827032681,119.141356266809,118.291038359615
1IZA.pdb        ,A               ,4               ,127.065526126688,118.968219364469,108.275962250539,108.464941919609,113.622729188398,119.741457865205,123.645903651135,117.137313398683,121.183119132336
1IZA.pdb        ,A               ,17              ,121.751251321572,110.403646747468,110.627585888494,111.953546062941,115.617198276861,130.183458110419,121.102292600208,129.332631204289,109.834348149366
1IZA.pdb        ,B               ,21              ,135.908145108476,114.171516917897,108.403152059947,110.633770405478,118.946243832658,117.727290319397,120.834313683637,124.396866809137,112.787080903019
1IZA.pdb        ,C               ,4               ,115.729717285659,106.65472113375 ,113.865034571394,116.510115790197,118.52939839654 ,121.681249293364,116.448166771523,112.651779233189,123.155241985163
1IZA.pdb        ,C               ,17              ,121.202257605429,111.231196718231,111.041817699249,108.990518475149,118.440138066717,117.353615908327,112.706982558647,122.257534773059,108.840115389866
1IZA.pdb        ,D               ,21              ,129.310625922428,111.965674202714,106.489819183608,118.250027484535,120.466344997867,123.71273664663 ,120.607129069174,123.885354491018,115.573705567587
1B2D.pdb        ,A               ,4               ,122.336664320215,111.299844356247,110.260887363753,109.611613707457,116.515814314375,114.795681688824,113.857959499125,119.218521803446,118.17953913287 
1B2D.pdb        ,A               ,17              ,121.220520118664,113.604654631565,111.51596711074 ,110.708018353101,116.690399599472,112.9823162661  ,112.42578468817 ,118.969931338591,117.824060587243
1B2D.pdb        ,B               ,13              ,122.102182068086,111.348755596891,111.509154775901,109.837246892917,116.246066212903,113.8918358115  ,113.530386014003,118.854581435403,118.331392662087
1B2D.pdb        ,B               ,21              ,122.799005824373,115.355102456873,110.934247450138,109.705301487971,116.84680257606 ,114.48065020502 ,113.557261455715,119.634449683144,118.047356380122
1LPH.pdb        ,A               ,4               ,123.753509998428,111.361538001757,112.519356237804,112.896210482608,117.963150401218,118.124816646563,118.452457288091,123.011848356783,119.054023001558
1LPH.pdb        ,A               ,17              ,122.701924050718,109.926188671825,115.218517436595,109.845896034379,118.609366830468,116.994359020305,118.433206604197,128.030353177305,116.413192432752
1LPH.pdb        ,B               ,13              ,122.787985576515,109.579255290249,110.555144830033,117.238982662326,120.3741452095  ,112.881864451533,116.221204131448,121.330295129737,113.690584558857
1LPH.pdb        ,B               ,21              ,129.155377353388,120.443377231563,108.125591017025,101.460560110505,115.532070110852,111.290377100702,134.076373935642,131.347716831273,110.868398418688
1LPH.pdb        ,C               ,4               ,118.44835542869 ,109.032323600179,117.780510947824,112.319706464856,120.33937865098 ,123.767110254025,119.955183862309,123.525459006506,119.706141780695
1LPH.pdb        ,C               ,17              ,131.124558298787,120.976079167162,104.323408407704,103.413178766108,117.975870335425,120.260150961154,105.9064295589  ,115.525744825906,117.997864718311
1LPH.pdb        ,D               ,13              ,129.034789170869,112.844773844046,112.946678900046,106.689741175621,117.15084555938 ,116.905303418492,107.365485117324,124.676083787566,105.867788235796
1LPH.pdb        ,D               ,21              ,119.217597907854,113.426089510985,113.764375530516,111.351648585843,118.941900418544,120.88219274143 ,120.88219274143 ,120.88219274143 ,120.88219274143 
1B2E.pdb        ,A               ,4               ,121.834199303207,111.033944589128,110.690453240854,109.437095017403,116.600827906581,115.063120203003,114.101368284385,119.42171131499 ,118.034895204704
1B2E.pdb        ,A               ,17              ,121.30065825654 ,114.283303858383,111.041222936526,110.641872205262,116.990807900233,112.982776727901,112.409175438738,118.494677934371,118.615228420992
1B2E.pdb        ,B               ,13              ,121.674628535981,111.345205176521,111.190323368242,111.164429178557,116.57223338021 ,112.709877094843,113.586314413226,119.409598688404,117.727437701904
1B2E.pdb        ,B               ,21              ,122.687124099184,115.042438182059,110.788552047233,109.977715769014,116.633845298137,113.241400350141,112.933253289213,118.905325801682,118.341015465563
1MSO.pdb        ,A               ,4               ,121.196527916115,112.332010628674,108.581407179148,112.130586267374,118.31445664396 ,113.847227613011,114.277854397193,119.870488877335,115.915955644525
1MSO.pdb        ,A               ,17              ,120.242013702456,113.835071617521,107.877383643872,111.773178680989,117.699664979616,112.842497688557,112.749363735652,120.048340196157,115.215261681041
1MSO.pdb        ,B               ,13              ,118.088669160983,110.555496980972,110.946662838548,108.496877863782,117.030760638112,114.93915740632 ,113.158648190597,119.19223998535 ,117.962456653582
1MSO.pdb        ,B               ,21              ,121.05889947118 ,113.999685660111,110.826101664447,110.235621056125,117.790148538767,114.146711073698,113.136518418451,118.90534437759 ,118.659433039255
1MSO.pdb        ,C               ,4               ,118.27744092377 ,111.21305333297 ,111.479774848754,109.261649243539,117.725332522606,113.461114894379,112.862766314243,118.137019588608,117.907304933702
1MSO.pdb        ,C               ,17              ,121.430877379225,111.87277053682 ,111.960521498328,107.899675977896,116.140031613274,113.006524209578,112.280709158964,118.000126812607,117.948315684483
1MSO.pdb        ,D               ,13              ,121.62547536456 ,107.509634378338,112.310387494843,107.890118915228,117.025692133139,114.587279176195,113.957822233115,119.558706281891,116.225787746555
1MSO.pdb        ,D               ,21              ,123.492212500181,115.710728525116,110.811629715708,107.312852725074,116.089822936914,116.054462539859,112.172169977797,118.317050144544,118.855433196683
