Insulin Files,Glutamic Acid Residues,Bond Lengths (Angstroms),,,,,,,,Bond Angle (Degrees),,,,,,,Dihedral Angle (Degrees),,,,,,,,,Key:,Not Checked,Verified ,,,
,,N-CA,CA-CO,CO-N,CA-CB,CB-CG,CG-CD,CD-OE1,CD-OE2,N-CA-CO,CA-CO-N,N-CA-CB,CA-CB-CG,CB-CG-CDCG-CD-OE1,,CG-CD-O2,Phi,Psi,Omega,Chi 1,Chi 2,Chi3,,,,,,,,,
1A7F,A4,1.5,1.5,1.3,1.5,1.5,1.5,1.2,1.2,110,118,109.3,109.4,109.5,118,118,-61.5,-18.3,179.8,-148,-92,-48.3,,,,,,,,,
,A17,1.5,1.5,1.3,1.5,1.5,1.5,1.2,1.2,110.3,118.1,109.3,109.6,109.5,118,118,-59.4,-18.8,179.9,-148,-90.2,-62.9,,,,,,,,,
,B13,1.5,1.5,1.3,1.5,1.5,1.5,1.2,1.2,109.5,117.3,109.4,109.5,109.5,118,118,-60.5,-29.9,179.9,-161.7,-164.4,84.2,,make histograms?,,,,,,,
,B16,1.5,1.5,1.3,1.5,1.5,1.5,1.2,1.2,108.8,117.1,109.5,109.6,109.5,117.9,118.1,-63.5,-37.8,179.5,-148.6,-151.2,-81.8,,,,,,,,,
,B21,1.5,1.5,1.3,1.5,1.5,1.5,1.2,1.2,109.5,117.3,109.6,109.6,109.5,118,117.9,-87.3,145.1,179.8,-84.9,177.4,-80.6,,,,,,,,,
1B17 ,A4,1.5,1.5,1.3,1.5,1.5,1.5,1.3,1.3,111,116.5,110.2,114.9,114.1,118.1,119.3,-66.1,-40.8,-179,-68.7,66.6,44.3,,,,,,,,,
,A17,1.5,1.5,1.3,1.5,1.5,1.5,1.2,1.2,113.9,116.8,111.5,112.4,113.1,118.2,118.7,-64.5,-16.9,177.8,-72.4,-160,-40.6,,,,,,,,,
,B13,1.5,1.5,1.3,1.5,1.5,1.5,1.2,1.3,112,116.6,110.8,112.7,113.1,117.4,119.2,-69.4,-35.3,178.6,-68.4,-164.9,-28,,,,,,,,,
,B16,,,,,,,,,,,,,,,,,,,,,,,,,,,,,,
,B21,1.5,1.5,1.3,1.5,1.5,1.5,1.3,1.3,115.4,116.8,110.5,114.1,113.6,118,119.7,-67.4,-12,178.4,-58.3,-47.3,-33.2,,,,,,,,,
1B18 ,A4,1.5,1.5,1.3,1.5,1.5,1.5,1.3,1.3,111.8,116.8,110.4,115.1,114,118.3,119.2,-67.9,-40.5,-179,-70.8,67.4,45,,,,,,,,,
,A17,1.5,1.5,1.3,1.5,1.5,1.5,1.2,1.2,114.1,116.6,111.5,112.4,113.2,118.1,119.1,-63.6,-15.7,177.7,-74.6,-160.8,-34.8,,,,,,,,,
,B13,1.5,1.5,1.3,1.5,1.5,1.5,1.2,1.3,111.8,116.8,111.1,112.8,112.8,117.2,119.5,-69.3,-35.7,178.6,-67.8,-163.7,-23.7,,,,,,,,,
,B16,,,,,,,,,,,,,,,,,,,,,,,,,,,,,,
,B21,1.5,1.5,1.3,1.5,1.5,1.5,1.3,1.3,115,116.6,110.5,113.9,113.5,118.1,119.2,-68.5,-7.5,178.2,-54.9,-43,-52.6,,,,,,,,,
1B19 ,A4,1.5,1.5,1.3,1.5,1.5,1.5,1.3,1.2,111.7,116.8,110.7,115,114,118.5,119.2,-68.8,-38.4,-179.2,-71.1,72.2,37,,,,,,,,,
,A17,1.5,1.5,1.3,1.5,1.5,1.5,1.2,1.2,113.9,116.8,110,112.6,113,118.2,118.8,-64.2,-17.3,177.5,-73,-159.9,37,,,,,,,,,
,B13,1.5,1.5,1.3,1.5,1.5,1.5,1.2,1.3,112.2,116.6,111.1,112.9,113,117.5,119.5,-69.2,-35.1,179,-77.6,-177.9,37,,,,,,,,,
,B16,,,,,,,,,,,,,,,,,,,,,,,,,,,,,,
,B21,1.5,1.5,1.3,1.5,1.5,1.5,1.3,1.3,116.2,116.6,110.5,112.9,112.9,118.1,119.1,-72.7,-8.2,177.7,-60.7,-36.7,-70.1,,,,,,,,,
1B2A ,A4,1.5,1.5,1.3,1.5,1.5,1.5,1.3,1.3,111.6,116.6,110.7,114.6,113.7,118.3,119.2,-67.6,-38.9,-179.3,-70.3,66.6,45.3,,,,,,,,,
,A17,1.5,1.5,1.3,1.5,1.5,1.5,1.2,1.2,114.1,116.8,111.2,112.7,112.9,118.2,118.7,-63.7,-15.8,177.2,-72.8,-159.6,-38.2,,,,,,,,,
,B13,1.5,1.5,1.3,1.5,1.5,1.5,1.2,1.2,111.7,116,108.6,115.6,111.8,117.9,118.8,-65.9,-40.2,179.4,163,175.8,-65.2,up,,,,,,,,
,B13,X,X,X,1.5,1.5,1.5,1.3,1.2,X,X,110.4,113,113.7,119.4,117.8,X,X,X,-100.1,168.7,26.1,down,,,,,,,,
,B16,,,,,,,,,,,,,,,,,,,,,,,,,,,,,,
,B21,1.5,1.5,1.3,1.5,1.5,1.5,1.3,1.3,115.2,116.5,110.7,113.1,112.8,118.2,119.1,-66.7,-13.9,178.8,-70.1,-51.4,-40.1,,,,,,,,,
1B2B ,A4,1.5,1.5,1.3,1.5,1.5,1.5,1.3,1.3,111.5,116.8,110.5,114.8,114.1,118.4,119.3,-66.8,-40.2,-179.3,-72,69.3,36.4,,,,,,,,,
,A17,1.5,1.5,1.3,1.5,1.5,1.5,1.2,1.2,113.6,116.9,111.5,112.3,113.3,117.8,119.3,-65.4,-15.8,177.4,-79.8,-163.5,-31,,,,,,,,,
,B13,1.5,1.5,1.3,1.5,1.5,1.5,1.3,1.2,112.1,116.6,111.3,116.2,111.7,118.8,117.8,-68,-37.3,178.5,163,177.4,-54.9,up,,,,,,,,
,B13,x,x,x,1.5,1.5,1.5,1.2,1.2,x,x,108.2,112.2,113.6,117.6,119.3,x,x,x,-68.1,-170.9,-52.7,down,,,,,,,,
,B16,,,,,,,,,,,,,,,,,,,,,,,,,,,,,,
,B21,1.5,1.5,1.3,1.5,1.5,1.5,1.3,1.3,114.8,116.4,110.6,113.6,113.1,118.1,119.1,-70.7,-9.1,177.6,-61.8,-47.2,-56.5,,,,,,,,,
1B2C ,A4,1.5,1.5,1.3,1.5,1.5,1.5,1.3,1.3,110.4,116.6,110.5,114.9,114.2,118.2,119.5,-66.7,-40,-179,-70.6,68.7,35.4,,,,,,,,,
,A17,1.5,1.5,1.3,1.5,1.5,1.5,1.2,1.2,113.4,116.9,111.4,112.7,112.7,118.2,118.8,-63.5,-18.1,178.1,-75.1,-159,-39.8,,,,,,,,,
,B13,1.5,1.5,1.3,1.5,1.5,1.5,1.2,1.2,111.8,116.5,108.9,115.1,111.6,118.9,117.6,-67.4,-41.1,179.3,168.3,174.8,-73.3,,,,,,,,,
,B13,x,x,x,1.5,1.5,1.5,1.2,1.2,x,x,110.6,103.4,116.5,118,119.4,x,x,x,-99.3,174.9,18.7,,,,,,,,,
,B16,,,,,,,,,,,,,,,,,,,,,,,,,,,,,,
,B21,1.5,1.5,1.3,1.5,1.5,1.5,1.3,1.3,115.3,116.4,110.7,113,113.1,118.3,119.1,-68.4,-10.3,177.6,-60.5,-40.8,-56.4,,,,,,,,,
1B2D ,A4,1.5,1.5,1.3,1.5,1.5,1.5,1.3,1.3,111.3,116.5,110.3,114.8,113.9,118.2,119.2,-65.9,-41.4,-179,-69.5,63.8,49.2,,,,,,,,,
,A17,1.5,1.5,1.3,1.5,1.5,1.5,1.2,1.2,113.6,116.7,111.5,113,112.4,117.8,119,-65.3,-17.2,178,-72.4,-158.8,-39.9,,,,,,,,,
,B13,1.5,1.5,1.3,1.5,1.5,1.5,1.2,1.2,111.3,116.2,108.2,116.4,111.5,118.8,118.1,-65.2,-41.5,179.6,165.1,-179.1,-59.3,,,,,,,,,
,B13,x,x,x,1.5,1.5,1.5,1.2,1.2,x,x,111.5,113.9,113.5,118.3,118.9,x,x,x,-63.7,-135.2,-49.1,,,,,,,,,
,B16,,,,,,,,,,,,,,,,,,,,,,,,,,,,,,
,B21,1.5,1.5,1.3,1.5,1.5,1.5,1.3,1.3,115.4,116.8,110.9,114.5,113.6,118,119.6,-67.6,-9.4,178.4,-63.3,-54.7,-23.7,,,,,,,,,
1B2E ,A4,1.5,1.5,1.3,1.5,1.5,1.5,1.3,1.3,111,116.6,110.7,115.1,114.1,118,119.4,-66.9,-40.3,-179.1,-71.9,69.5,30.8,,,,,,,,,
,A17,1.5,1.5,1.3,1.5,1.5,1.5,1.2,1.2,114.3,117,111,113,112.4,118.6,118.5,-62.2,-16.6,177.6,-77.7,-162.7,-35.6,,,,,,,,,
,B13,1.5,1.5,1.3,1.5,1.5,1.5,1.2,1.2,111.3,116.6,111.2,112.7,113.6,117.7,119.4,-65.8,-39,178.8,-72.2,-173.5,-23,,,,,,,,,
,B13,x,x,x,1.5,1.5,1.5,1.3,1.2,,,108,116.1,111.5,118.8,117.9,x,x,x,163.8,175,-66.8,,,,,,,,,
,B16,,,,,,,,,,,,,,,,,,,,,,,,,,,,,,
,B21,1.5,1.5,1.3,1.5,1.5,1.5,1.3,1.3,115,116.6,110.8,113.2,112.9,118.3,118.9,-67.2,-10.5,178,-68.1,-48,-48.1,,,,,,,,,
1B2F ,A4,1.5,1.5,1.3,1.5,1.5,1.5,1.3,1.3,111.8,116.9,111.1,114.8,113.7,117.9,119.3,-66.2,-38.6,-179,-74.7,71.8,26.8,,,,,,,,,
,A17,1.5,1.5,1.3,1.5,1.5,1.5,1.2,1.2,113.7,117,111.7,113,113,118.2,119,-63.7,-18.9,177.7,-74.8,-158.6,-39.7,,,,,,,,,
,B13,1.5,1.5,1.3,1.5,1.5,1.5,1.2,1.2,111.9,116.4,108.3,115.8,111.9,118.7,118.2,-68.1,-39,179,171.3,174.7,-70,,,,,,,,,
,B13,x,x,x,1.5,1.5,1.5,1.2,1.2,x,x,111.3,112.7,113.3,117.9,119.1,x,x,x,-69.4,-165.3,-52.1,,,,,,,,,
,B16,,,,,,,,,,,,,,,,,,,,,,,,,,,,,,
,B21,1.5,1.5,1.3,1.5,1.5,1.5,1.3,1.3,115.7,116.6,110.4,113.9,113.6,118.5,119.3,-68.3,-10.7,177.7,-64,-61.7,69.8,,,,,,,,,
1B2G ,A4,1.5,1.5,1.3,1.5,1.5,1.5,1.3,1.3,111,117,110.5,115.3,114.6,118,119.9,-64.7,-36.3,-178.9,-68.6,69.9,30,,,,,,,,,
,A17,1.5,1.5,1.3,1.5,1.5,1.5,1.2,1.3,114.8,117,111.2,111.6,113,117.4,119.1,-64.8,-19.3,177.3,-74.8,-165.6,-29.4,,,,,,,,,
,B13,1.5,1.5,1.3,1.5,1.5,1.5,1.2,1.2,110.5,116.4,110.6,115.6,111.8,119,117.9,-63.8,-45.1,179.6,170.1,168.7,-72.8,,,,,,,,,
,B16,,,,,,,,,,,,,,,,,,,,,,,,,,,,,,
,B21,1.5,1.5,1.3,1.5,1.5,1.5,1.3,1.3,113.6,116.4,110.8,114.2,113.9,118.2,119.5,-64.9,-13.6,178.2,-59.9,-54.1,-24.2,,,,,,,,,
1B9E ,A4,1.5,1.5,1.3,1.5,1.6,1.6,1.3,1.3,111.2,116.7,111.1,116.8,115.8,117,121.4,-70.9,-46.7,-177.3,-68.5,86.3,-23,,,,,,,,,
,A17,1.5,1.5,1.3,1.5,1.5,1.5,1.2,1.2,113.1,115.5,112,114.5,112.2,118.3,118.8,-62.4,-24,179.6,-63.2,-169.3,-32.4,,,,,,,,,
,B9,1.5,1.5,1.3,1.5,1.5,1.5,1.3,1.3,113.6,115.8,109.4,114.1,112.6,118.4,118.5,-57.4,-35.4,-179.9,-113.8,-117,45.6,,,,,,,,,
,B13,1.5,1.5,1.3,1.5,1.5,1.5,1.3,1.3,108.5,116.1,111.6,113.1,113.4,118.2,118.6,-71.1,-38.2,178.4,-78.8,156.3,-5,,,,,,,,,
,B16,,,,,,,,,,,,,,,,,,,,,,,,,,,,,,
,B21,1.5,1.5,1.3,1.5,1.5,1.5,1.3,1.3,114.6,117.1,109.2,114.2,113.4,118,118.7,-67,-16,-179.9,49.5,121.7,24.5,,,,,,,,,
1BEN ,A4,1.5,1.5,1.3,1.5,1.5,1.5,1.3,1.2,111.2,119.8,107.7,111.3,121,117.7,121.2,-59.3,-44.9,-177.8,-56.9,71.8,32.2,,,,,,,,,
,A17,1.4,1.6,1.3,1.5,1.5,1.5,1.3,1.2,112.6,117.5,112.9,111.8,117.8,114.7,122.4,-66.2,-15.9,175.9,-69,-178.5,-22.1,,,,,,,,,
,B13,1.5,1.5,1.3,1.5,1.5,1.5,1.3,1.2,111.8,118.1,111,108.6,114.7,116.3,120.5,-66.3,-37.3,176.2,-65.7,-73,-17.5,,,,,,,,,
,B16,,,,,,,,,,,,,,,,,,,,,,,,,,,,,,
,B21,1.5,1.5,1.3,1.5,1.5,1.5,1.3,1.3,114.3,116.9,108.6,109.3,115,119.3,116.5,-64,-20.2,178.5,-77.1,167.8,74.7,,,,,,,,,
1BZV ,A4,1.5,1.5,1.3,1.5,1.5,1.5,1.2,1.3,118.5,119.5,106.5,114.3,113.2,116.3,118.3,-48.6,-37.8,-180,-170.8,-177.5,33.9,,,,,,,,,
,A17,1.5,1.5,1.3,1.5,1.5,1.5,1.2,1.3,113.2,115.3,109.3,110.5,112.8,116.7,117.2,-80.6,-1.6,164.1,-68.9,170.6,-61.4,,,,,,,,,
,B13,1.5,1.5,1.3,1.5,1.5,1.5,1.3,1.2,109.9,116.1,113.3,116.6,115.1,117.1,117.1,-78.2,-41.7,174.3,-47.5,-47.1,-89.9,,,,,,,,,
,B16,,,,,,,,,,,,,,,,,,,,,,,,,,,,,,
,B21,1.5,1.5,1.3,1.5,1.5,1.5,1.2,1.3,117.9,117.1,108.6,111.3,112.4,116.6,117.6,-100.8,-52.8,-167.4,-124.4,73.7,-73.1,,,,,,,,,
1DEI ,A4,1.5,1.5,1.3,1.5,1.5,1.5,1.2,1.2,111.3,116.5,110.2,110.9,114.4,117.9,120,-63.5,-39.8,-172.2,177.7,168.1,48.7,,,,,,,,,
,A17,1.5,1.5,1.3,1.5,1.5,1.5,1.2,1.2,112.7,117.1,112.1,111,115.5,118.2,120.4,-61.3,-26.9,-179.7,-74.7,-177.8,-35.2,,,,,,,,,
,B13,1.5,1.5,1.3,1.5,1.5,1.5,1.2,1.2,111.6,118.2,110.5,110.1,116,116.8,120.4,-64.2,-41.3,-179.7,-67.2,159.9,-4,,,,,,,,,
,B16,,,,,,,,,,,,,,,,,,,,,,,,,,,,,,
,B21,1.4,1.5,1.3,1.5,1.5,1.5,1.2,1.2,109.6,113.2,109.1,108.7,115.8,118.4,120,-90.1,114.2,178.7,-152.8,148,-42.6,,,,,,,,,
1GUJ ,A4,1.4,1.5,1.3,1.5,1.5,1.5,1.3,1.3,112.8,117.2,109.7,112.5,113.4,118.3,120,-62.3,-34.1,-178.1,-66.9,-82,-6.8,,,,,,,,,
,A17,1.5,1.5,1.3,1.5,1.5,1.5,1.3,1.2,112,116.6,111.9,111.4,113,116.9,120.6,-63.5,-28.4,-179.3,-70.4,-176.8,-1.5,,,,,,,,,
,B13,1.5,1.5,1.3,1.5,1.6,1.5,1.3,1.2,110.4,116.6,110.6,119.9,117.5,119.8,118.8,-64.7,-37.7,177.3,-69.2,-178.7,-10.6,,,,,,,,,
,B16,,,,,,,,,,,,,,,,,,,,,,,,,,,,,,
,B21,1.5,1.5,1.3,1.5,1.6,1.6,1.3,1.2,114.9,118,111,114.2,117.9,119.2,122.1,-68.5,-8.2,175.1,-70.1,-72.3,-18.5,,,,,,,,,
1HLS ,A4,1.5,1.5,1.3,1.5,1.5,1.5,1.2,1.2,109.7,117.6,109.3,109.6,109.6,118,118,-70.6,-3.4,-179.8,-167.5,118.1,19.6,,,,,,,,,
,A17,1.5,1.5,1.3,1.5,1.5,1.5,1.2,1.2,109.1,117.4,109.5,109.3,109.7,118,118,-64.6,-39.8,179.6,-69.4,-162.7,10.7,,,,,,,,,
,B13,1.5,1.5,1.3,1.5,1.5,1.5,1.2,1.2,108.8,117.1,109.7,109.5,109.5,118,118.1,-68.7,-18.8,179.2,-78.9,152.9,55.8,,,,,,,,,
,B16,,,,,,,,,,,,,,,,,,,,,,,,,,,,,,
,B21,1.5,1.5,1.3,1.5,1.5,1.5,1.2,1.2,109.4,117.6,109.4,109.5,109.5,118,118,-64.9,-42.9,180,-95.4,-142.7,14.7,,,,,,,,,
1HUI ,A4,1.5,1.5,1.3,1.5,1.5,1.5,1.2,1.2,109.5,117.5,109.5,109.5,109.6,118,118,-85.5,-25.7,-179.8,-123.5,161.1,84.7,,,,,,,,,
,A17,1.5,1.5,1.3,1.5,1.5,1.5,1.2,1.2,109.7,117.7,109.5,109.5,109.6,118,118,-84.7,14.7,179.1,69.9,169.8,-68.4,,,,,,,,,
,B1,1.5,1.5,1.3,1.5,1.5,1.5,1.2,1.2,109.5,117.5,109.5,109.5,109.5,118,118,48.5,164.4,-179.9,-120.1,140.1,84.8,,,,,,,,,
,B10,1.5,1.5,1.3,1.5,1.5,1.5,1.2,1.2,109.4,117.6,111.2,111.5,109.5,118,118,-42.6,-38,179.8,-0.6,176.7,19.7,,,,,,,,,
,B13,1.5,1.5,1.3,1.5,1.5,1.5,1.2,1.2,109.6,117.6,109.6,109.4,109.5,118,118,-74.4,-38.5,179.6,-66.1,-116.6,23.9,,,,,,,,,
,B16,1.5,1.5,1.3,1.5,1.5,1.5,1.2,1.2,108.4,117,109.7,109.5,109.6,118,118,-66.5,-22.2,179.6,-153.2,176.6,-12.6,,,,,,,,,
,B21,1.5,1.5,1.3,1.5,1.5,1.5,1.2,1.2,109.7,117.5,109.6,109.4,109.6,118,118,-157.2,-42.5,-179.7,-171.2,-178.4,44.8,,,,,,,,,
,B27,1.5,1.5,1.3,1.5,1.5,1.5,1.2,1.2,109.5,115.4,109.3,109.5,109.5,179.9,118.1,-138.5,89.9,-0.1,-95.9,179.7,27,,,,,,,,,
1IZA,A4,1.5,1.5,1.3,1.5,1.5,1.5,1.2,1.3,119,113.6,108.3,119.7,123.6,121.2,117.1,-69,-19.9,179.5,89.9,-78.8,-20.8,,,,,,,,,
,A17,1.5,1.5,1.3,1.5,1.5,1.5,1.3,1.2,110.4,115.6,110.6,130.2,121.1,109.8,129.3,-71.6,-21.5,179.2,-167.8,-174.9,28.2,,,,,,,,,
,B13,,,,,,,,,,,,,,,,,,,,,,,,,,,,,,
,B16,,,,,,,,,,,,,,,,,,,,,,,,,,,,,,
,B21,1.4,1.5,1.3,1.5,1.5,1.5,1.3,1.2,114.2,118.9,108.4,117.7,120.8,112.8,124.4,-27.6,-77.9,179.3,-71.4,56,69.4,,,,,,,,,
1MSO,A4,1.4,1.5,1.3,1.5,1.5,1.5,1.3,1.3,112.3,118.3,108.6,113.8,114.3,115.9,119.9,-74.1,-42.8,-180,-60.4,70.7,36.8,,,,,,,,,
,A17,1.4,1.5,1.3,1.5,1.5,1.5,1.2,1.3,113.8,117.7,107.9,112.8,112.7,115.2,120,-57.1,-23.1,179.3,-163.1,-179.6,23.9,,,,,,,,,
,B13,1.5,1.5,1.3,1.5,1.5,1.5,1.3,1.2,110.6,117,110.9,114.9,113.2,118,119.2,-61.5,-42.8,179.5,-70.4,-77.6,-17.6,,,,,,,,,
,B13,x,x,x,x,x,x,x,x,x,x,x,x,x,x,x,-60.3,x,x,x,x,x,,,,,,,,,
,B16,,,,,,,,,,,,,,,,,,,,,,,,,,,,,,
,B21,1.5,1.5,1.3,1.5,1.5,1.5,1.2,1.2,114,117.8,110.8,114.1,113.1,118.7,118.9,-64.5,-12.5,177.7,63.6,157.1,-14.3,,,,,,,,,
artifical values,,,,,,,,,,,,,,,,,-180,-180,-180,-180,-180,-180,,,,,,,,,
,,,,,,,,,,,,,,,,,180,180,180,180,180,180,,,,,,,,,
